{"cam_id": 1, "gain": {"red": 1.0714111328125, "spot-white": 1.17645263671875, "nir": 1.783294677734375}, "y_max": 1050, "rotation": 270, "wb": {"red": {"b": 1.6, "r": 1.3}, "spot-white": {"b": 1.6249999999999984, "r": 1.499999999999999}, "flood-white": {"b": 1.474999999999999, "r": 1.3249999999999995}, "blue": {"b": 1.6, "r": 1.3}, "nir": {"b": 0.8250000000000005, "r": 0.9250000000000006}, "yellow": {"b": 1.6, "r": 1.3}, "green": {"b": 1.6, "r": 1.3}}, "x_min": 200, "y_min": 140, "x_max": 1086}